Designator,Mid X (mm),Mid Y (mm),Layer,Rotation,Type
C2,24.1700,10.9500,Top,-90.00,SMD
D1,65.8700,22.0000,Top,180.00,SMD
F1,65.7325,3.0000,Top,180.00,SMD
R1,45.1700,7.6500,Top,-90.00,SMD
R2,58.2100,7.6500,Top,-90.00,SMD
R3,45.1700,17.1500,Top,90.00,SMD
R4,58.1700,17.3250,Top,90.00,SMD
R5,38.1700,7.6500,Top,-90.00,SMD
R6,51.1700,7.6500,Top,-90.00,SMD
R7,38.1700,17.1750,Top,90.00,SMD
R8,51.1700,17.3250,Top,90.00,SMD
R9,41.6700,7.6500,Top,-90.00,SMD
R10,54.6700,7.6500,Top,-90.00,SMD
R11,41.6700,17.1750,Top,90.00,SMD
R12,54.6700,17.3250,Top,90.00,SMD
U2,27.5200,5.0000,Top,0.00,SMD
