# Lochblech-Geometrie der drei Heizkoerper, Draufsicht quer zur Wand.
# Alle Werte in mm. Gemessen 2026-08-17 am Objekt (Stahllineal + Messschieber).
#
# Aufbau quer:  rand | lochfeld | [mittelsteg | lochfeld] | rand
# tiefe ist die ABGELEITETE Summe, keine unabhaengige Eingabe.
#
# hk        Kurzname (A/B/C) und Raum
# tiefe     Summe der Teilstuecke (Kontrollwert gegen die Messung)
# rand      ungelochter Randstreifen, beide Seiten gleich
# lochfeld  Breite eines Lochfeldes
# felder    Anzahl der Lochfelder (1 oder 2)
# steg_m    ungelochter Mittelsteg zwischen zwei Feldern (0 wenn felder=1)
# schlitz   Schlitzbreite quer
# steg      Steg zwischen zwei Schlitzen
# raster    schlitz + steg (abgeleitet)
#
hk,raum,tiefe,rand,lochfeld,felder,steg_m,schlitz,steg,raster,gemessen_tiefe
A,Buero,65,13,39,1,0,7.6,3.4,11.0,65
B,Wohnzimmer,101,13,75,1,0,7.7,3.3,11.0,101
C,Esszimmer,136,17,40,2,22,8.0,5.0,13.0,136
