Designator,Mid X,Mid Y,Layer,Rotation
C1,30.1700mm,16.0000mm,Top,-90.00
C2,24.1700mm,10.9500mm,Top,-90.00
D1,65.8700mm,22.0000mm,Top,180.00
F1,65.7325mm,3.0000mm,Top,180.00
J1,62.6700mm,11.5000mm,Top,90.00
J2,45.2500mm,3.0000mm,Top,-90.00
J3,58.6700mm,3.0000mm,Top,-90.00
J4,44.9000mm,22.0000mm,Top,-90.00
J5,58.4800mm,22.0000mm,Top,-90.00
R1,45.1700mm,7.6500mm,Top,-90.00
R2,58.2100mm,7.6500mm,Top,-90.00
R3,45.1700mm,17.1500mm,Top,90.00
R4,58.1700mm,17.3250mm,Top,90.00
R5,38.1700mm,7.6500mm,Top,-90.00
R6,51.1700mm,7.6500mm,Top,-90.00
R7,38.1700mm,17.1750mm,Top,90.00
R8,51.1700mm,17.3250mm,Top,90.00
R9,41.6700mm,7.6500mm,Top,-90.00
R10,54.6700mm,7.6500mm,Top,-90.00
R11,41.6700mm,17.1750mm,Top,90.00
R12,54.6700mm,17.3250mm,Top,90.00
U1,10.6700mm,12.5000mm,Top,-90.00
U2,27.5200mm,5.0000mm,Top,0.00
